<?xml version="1.0" encoding="UTF-8"?>
<project-private xmlns="http://www.netbeans.org/ns/project-private/1">
    <editor-bookmarks xmlns="http://www.netbeans.org/ns/editor-bookmarks/2" lastBookmarkId="0"/>
    <open-files xmlns="http://www.netbeans.org/ns/projectui-open-files/2">
        <group>
            <file>file:/C:/Users/HPuser/Google%20Drive/Career/Study%20courses/Software%20Science/Software%20construction%20in%20Java/ps1/nbproject/project.properties</file>
            <file>file:/C:/Users/HPuser/Google%20Drive/Career/Study%20courses/Software%20Science/Software%20construction%20in%20Java/ps1/grader.xml</file>
            <file>file:/C:/Users/HPuser/Google%20Drive/Career/Study%20courses/Software%20Science/Software%20construction%20in%20Java/imported/ps1/ps1/test/warmup/QuadraticTest.java</file>
            <file>file:/C:/Users/HPuser/Google%20Drive/Career/Study%20courses/Software%20Science/Software%20construction%20in%20Java/imported/ps1/ps1/src/warmup/Quadratic.java</file>
            <file>file:/C:/Users/HPuser/Google%20Drive/Career/Study%20courses/Software%20Science/Software%20construction%20in%20Java/ps1/.classpath</file>
        </group>
    </open-files>
</project-private>
